{
    "LayerChoice1": "2", 
    "LayerChoice2": "1", 
    "LayerChoice3": "0", 
    "LayerChoice4": "1", 
    "LayerChoice5": "2", 
    "LayerChoice6": "0", 
    "LayerChoice7": "2", 
    "LayerChoice8": "0", 
    "LayerChoice9": "2", 
    "LayerChoice10": "0", 
    "LayerChoice11": "2", 
    "LayerChoice12": "3", 
    "LayerChoice13": "0", 
    "LayerChoice14": "0", 
    "LayerChoice15": "0", 
    "LayerChoice16": "0", 
    "LayerChoice17": "3", 
    "LayerChoice18": "2", 
    "LayerChoice19": "3", 
    "LayerChoice20": "3"
  }