{
    "fp16": {
        "enabled": false,
        "loss_scale": 0,
        "loss_scale_window": 1000,
        "initial_scale_power": 16,
        "hysteresis": 2,
        "min_loss_scale": 1
    },
    "zero_optimization": {
        "stage": 3,
        "offload_optimizer": {
            "device": "cpu",
            "pin_memory": true
        },
        "offload_param": {
            "device": "cpu",
            "pin_memory": true
        },
        "overlap_comm": true,
        "contiguous_gradients": true,
        "sub_group_size": 1e9,
        "reduce_bucket_size": "auto",
        "stage3_prefetch_bucket_size": "auto",
        "stage3_param_persistence_threshold": "auto",
        "stage3_max_live_parameters": 1e9,
        "stage3_max_reuse_distance": 1e9,
        "stage3_gather_16bit_weights_on_model_save": true
    },

    "gradient_accumulation_steps": 1,
    "steps_per_print": 2000,
    "wall_clock_breakdown": false,
    "train_batch_size": 128,
    "train_micro_batch_size_per_gpu": 128,
    "zero_force_ds_cpu_optimizer": false,
    "zero_allow_untested_optimizer": true
}